<?xml version="1.0" encoding="UTF-8"?>
<project version="4">
  <component name="AutoImportSettings">
    <option name="autoReloadType" value="SELECTIVE" />
  </component>
  <component name="ChangeListManager">
    <list default="true" id="f81fd267-387c-450a-b903-adc1f1f68597" name="Changes" comment="" />
    <option name="SHOW_DIALOG" value="false" />
    <option name="HIGHLIGHT_CONFLICTS" value="true" />
    <option name="HIGHLIGHT_NON_ACTIVE_CHANGELIST" value="false" />
    <option name="LAST_RESOLUTION" value="IGNORE" />
  </component>
  <component name="FileTemplateManagerImpl">
    <option name="RECENT_TEMPLATES">
      <list>
        <option value="Class" />
      </list>
    </option>
  </component>
  <component name="ProjectId" id="2OxaAX9DbiHORtUynAunRTNELsr" />
  <component name="ProjectViewState">
    <option name="hideEmptyMiddlePackages" value="true" />
    <option name="showLibraryContents" value="true" />
  </component>
  <component name="PropertiesComponent">{
  &quot;keyToString&quot;: {
    &quot;RunOnceActivity.ShowReadmeOnStart&quot;: &quot;true&quot;,
    &quot;last_opened_file_path&quot;: &quot;C:/Users/SUMIT KUMAR/IdeaProjects/ELECTRICITY BILLING MANAGEMENT JAVA PROJECT SEM 1/src/icon&quot;,
    &quot;project.structure.last.edited&quot;: &quot;Global Libraries&quot;,
    &quot;project.structure.proportion&quot;: &quot;0.15&quot;,
    &quot;project.structure.side.proportion&quot;: &quot;0.2&quot;,
    &quot;settings.editor.selected.configurable&quot;: &quot;preferences.keymap&quot;
  }
}</component>
  <component name="RecentsManager">
    <key name="CopyFile.RECENT_KEYS">
      <recent name="C:\Users\SUMIT KUMAR\IdeaProjects\ELECTRICITY BILLING MANAGEMENT JAVA PROJECT SEM 1\src\icon" />
    </key>
  </component>
  <component name="RunManager" selected="Application.Introduction">
    <configuration name="Introduction" type="Application" factoryName="Application" temporary="true" nameIsGenerated="true">
      <option name="MAIN_CLASS_NAME" value="electricity.billing.system.Introduction" />
      <module name="ELECTRICITY BILLING MANAGEMENT JAVA PROJECT GUI SEM 3" />
      <extension name="coverage">
        <pattern>
          <option name="PATTERN" value="electricity.billing.system.*" />
          <option name="ENABLED" value="true" />
        </pattern>
      </extension>
      <method v="2">
        <option name="Make" enabled="true" />
      </method>
    </configuration>
    <configuration name="Login" type="Application" factoryName="Application" temporary="true" nameIsGenerated="true">
      <option name="MAIN_CLASS_NAME" value="electricity.billing.system.Login" />
      <module name="ELECTRICITY BILLING MANAGEMENT JAVA PROJECT GUI SEM 3" />
      <extension name="coverage">
        <pattern>
          <option name="PATTERN" value="electricity.billing.system.*" />
          <option name="ENABLED" value="true" />
        </pattern>
      </extension>
      <method v="2">
        <option name="Make" enabled="true" />
      </method>
    </configuration>
    <configuration name="generate_bill" type="Application" factoryName="Application" temporary="true" nameIsGenerated="true">
      <option name="MAIN_CLASS_NAME" value="electricity.billing.system.generate_bill" />
      <module name="ELECTRICITY BILLING MANAGEMENT JAVA PROJECT GUI SEM 3" />
      <extension name="coverage">
        <pattern>
          <option name="PATTERN" value="electricity.billing.system.*" />
          <option name="ENABLED" value="true" />
        </pattern>
      </extension>
      <method v="2">
        <option name="Make" enabled="true" />
      </method>
    </configuration>
    <configuration name="main_class" type="Application" factoryName="Application" temporary="true" nameIsGenerated="true">
      <option name="MAIN_CLASS_NAME" value="electricity.billing.system.main_class" />
      <module name="ELECTRICITY BILLING MANAGEMENT JAVA PROJECT GUI SEM 3" />
      <extension name="coverage">
        <pattern>
          <option name="PATTERN" value="electricity.billing.system.*" />
          <option name="ENABLED" value="true" />
        </pattern>
      </extension>
      <method v="2">
        <option name="Make" enabled="true" />
      </method>
    </configuration>
    <configuration name="payment_bill" type="Application" factoryName="Application" temporary="true" nameIsGenerated="true">
      <option name="MAIN_CLASS_NAME" value="electricity.billing.system.payment_bill" />
      <module name="ELECTRICITY BILLING MANAGEMENT JAVA PROJECT GUI SEM 3" />
      <extension name="coverage">
        <pattern>
          <option name="PATTERN" value="electricity.billing.system.*" />
          <option name="ENABLED" value="true" />
        </pattern>
      </extension>
      <method v="2">
        <option name="Make" enabled="true" />
      </method>
    </configuration>
    <recent_temporary>
      <list>
        <item itemvalue="Application.Introduction" />
        <item itemvalue="Application.main_class" />
        <item itemvalue="Application.payment_bill" />
        <item itemvalue="Application.Login" />
        <item itemvalue="Application.generate_bill" />
      </list>
    </recent_temporary>
  </component>
  <component name="SpellCheckerSettings" RuntimeDictionaries="0" Folders="0" CustomDictionaries="0" DefaultDictionary="application-level" UseSingleDictionary="true" transferred="true" />
  <component name="TaskManager">
    <task active="true" id="Default" summary="Default task">
      <changelist id="f81fd267-387c-450a-b903-adc1f1f68597" name="Changes" comment="" />
      <created>1682504545294</created>
      <option name="number" value="Default" />
      <option name="presentableId" value="Default" />
      <updated>1682504545294</updated>
    </task>
    <servers />
  </component>
</project>